{"cameraMode":{"drawMode":0,"name":"Shaded","section":"Shading Mode"},"sceneLighting":true,"audioPlay":false,"sceneViewState":{"m_AlwaysRefresh":false,"showFog":true,"showSkybox":true,"showFlares":true,"showImageEffects":true,"showParticleSystems":true,"showVisualEffectGraphs":true,"m_FxEnabled":true},"in2DMode":false,"pivot":{"x":0.8825952410697937,"y":10.468554496765137,"z":-2.2060022354125978},"rotation":{"x":0.19370131194591523,"y":0.013408292084932328,"z":-0.002784831915050745,"w":0.9812570810317993},"size":1.2297557592391968,"orthographic":false}