{"cameraMode":{"drawMode":0,"name":"Shaded","section":"Shading Mode"},"sceneLighting":true,"audioPlay":false,"sceneViewState":{"m_AlwaysRefresh":false,"showFog":true,"showSkybox":true,"showFlares":true,"showImageEffects":true,"showParticleSystems":true,"showVisualEffectGraphs":true,"m_FxEnabled":true},"in2DMode":false,"pivot":{"x":-0.5685829520225525,"y":6.584609031677246,"z":-5.826128959655762},"rotation":{"x":0.12751148641109467,"y":-0.033559128642082217,"z":0.004162485245615244,"w":0.9914974570274353},"size":5.826318264007568,"orthographic":false}