{"cameraMode":{"drawMode":0,"name":"Shaded","section":"Shading Mode"},"sceneLighting":true,"audioPlay":false,"sceneViewState":{"m_AlwaysRefresh":false,"showFog":true,"showSkybox":true,"showFlares":true,"showImageEffects":true,"showParticleSystems":true,"showVisualEffectGraphs":true,"m_FxEnabled":true},"in2DMode":false,"pivot":{"x":0.27100634574890139,"y":-0.16565543413162232,"z":0.9572296738624573},"rotation":{"x":0.08004537969827652,"y":0.7406005859375,"z":-0.08968975394964218,"w":0.6611735820770264},"size":1.7478774785995484,"orthographic":false}